1,的
2,一
3,是
4,不
5,了
6,人
7,我
8,在
9,有
10,他
11,这
12,中
13,大
14,来
15,上
16,国
17,个
18,到
19,说
20,们
21,为
22,子
23,和
24,你
25,地
26,出
27,道
28,也
29,时
30,年
31,得
32,就
33,那
34,要
35,下
36,以
37,生
38,会
39,自
40,着
41,去
42,之
43,过
44,家
45,学
46,对
47,可
48,她
49,里
50,后
51,小
52,么
53,心
54,多
55,天
56,而
57,能
58,好
59,都
60,然
61,没
62,日
63,于
64,起
65,还
66,发
67,成
68,事
69,只
70,作
71,当
72,想
73,看
74,文
75,无
76,开
77,手
78,十
79,用
80,主
81,行
82,方
83,又
84,如
85,前
86,所
87,本
88,见
89,经
90,头
91,面
92,公
93,同
94,三
95,已
96,老
97,从
98,动
99,两
100,长
101,知
102,民
103,样
104,现
105,分
106,将
107,外
108,但
109,身
110,些
111,与
112,高
113,意
114,进
115,把
116,法
117,此
118,实
119,回
120,二
121,理
122,美
123,点
124,月
125,明
126,其
127,种
128,声
129,全
130,工
131,己
132,话
133,儿
134,者
135,向
136,情
137,部
138,正
139,名
140,定
141,女
142,问
143,力
144,机
145,给
146,等
147,几
148,很
149,业
150,最
151,间
152,新
153,什
154,打
155,便
156,位
157,因
158,重
159,被
160,走
161,电
162,四
163,第
164,门
165,相
166,次
167,东
168,政
169,海
170,口
171,使
172,教
173,西
174,再
175,平
176,真
177,听
178,世
179,气
180,信
181,北
182,少
183,关
184,并
185,内
186,加
187,化
188,由
189,却
190,代
191,军
192,产
193,入
194,先
195,山
196,五
197,太
198,水
199,万
200,市
201,眼
202,体
203,别
204,处
205,总
206,才
207,场
208,师
209,书
210,比
211,住
212,员
213,九
214,笑
215,性
216,通
217,目
218,华
219,报
220,立
221,马
222,命
223,张
224,活
225,难
226,神
227,数
228,件
229,安
230,表
231,原
232,车
233,白
234,应
235,路
236,期
237,叫
238,死
239,常
240,提
241,感
242,金
243,何
244,更
245,反
246,合
247,放
248,做
249,系
250,计
251,或
252,司
253,利
254,受
255,光
256,王
257,果
258,亲
259,界
260,及
261,今
262,京
263,务
264,制
265,解
266,各
267,任
268,至
269,清
270,物
271,台
272,象
273,记
274,边
275,共
276,风
277,战
278,干
279,接
280,它
281,许
282,八
283,特
284,觉
285,望
286,直
287,服
288,毛
289,林
290,题
291,建
292,南
293,度
294,统
295,色
296,字
297,请
298,交
299,爱
300,让
301,认
302,算
303,论
304,百
305,吃
306,义
307,科
308,怎
309,元
310,社
311,术
312,结
313,六
314,功
315,指
316,思
317,非
318,流
319,每
320,青
321,管
322,夫
323,连
324,远
325,资
326,队
327,跟
328,带
329,花
330,快
331,条
332,院
333,变
334,联
335,言
336,权
337,往
338,展
339,该
340,领
341,传
342,近
343,留
344,红
345,治
346,决
347,周
348,保
349,达
350,办
351,运
352,武
353,半
354,候
355,七
356,必
357,城
358,父
359,强
360,步
361,完
362,革
363,深
364,区
365,即
366,求
367,品
368,士
369,转
370,量
371,空
372,甚
373,众
374,技
375,轻
376,程
377,告
378,江
379,语
380,英
381,基
382,派
383,满
384,式
385,李
386,息
387,写
388,呢
389,识
390,极
391,令
392,黄
393,德
394,收
395,脸
396,钱
397,党
398,倒
399,未
400,持
401,取
402,设
403,始
404,版
405,双
406,历
407,越
408,史
409,商
410,千
411,片
412,容
413,研
414,像
415,找
416,友
417,孩
418,站
419,广
420,改
421,议
422,形
423,委
424,早
425,房
426,音
427,火
428,际
429,则
430,首
431,单
432,据
433,导
434,影
435,失
436,拿
437,网
438,香
439,似
440,斯
441,专
442,石
443,若
444,兵
445,弟
446,谁
447,校
448,读
449,志
450,飞
451,观
452,争
453,究
454,包
455,组
456,造
457,落
458,视
459,济
460,喜
461,离
462,虽
463,坐
464,集
465,编
466,宝
467,谈
468,府
469,拉
470,黑
471,且
472,随
473,格
474,尽
475,剑
476,讲
477,布
478,杀
479,微
480,怕
481,母
482,调
483,局
484,根
485,曾
486,准
487,团
488,段
489,终
490,乐
491,切
492,级
493,克
494,精
495,哪
496,官
497,示
498,冲
499,竟
500,乎
501,男
502,举
503,客
504,证
505,苦
506,照
507,注
508,费
509,足
510,尔
511,招
512,群
513,热
514,推
515,晚
516,响
517,称
518,兴
519,待
520,约
521,阳
522,哥
523,惊
524,吗
525,整
526,支
527,古
528,汉
529,突
530,号
531,绝
532,选
533,吧
534,参
535,刊
536,亚
537,复
538,伤
539,类
540,备
541,欢
542,另
543,港
544,势
545,刻
546,星
547,断
548,陈
549,掌
550,农
551,夜
552,般
553,念
554,价
555,脑
556,规
557,底
558,故
559,省
560,妈
561,刚
562,句
563,显
564,消
565,衣
566,陆
567,器
568,确
569,破
570,具
571,居
572,批
573,送
574,泽
575,紧
576,帮
577,线
578,存
579,愿
580,奇
581,害
582,增
583,杨
584,料
585,州
586,节
587,左
588,装
589,易
590,著
591,急
592,久
593,低
594,岁
595,需
596,酒
597,河
598,初
599,游
600,严
601,铁
602,族
603,除
604,份
605,敢
606,胡
607,血
608,企
609,仍
610,投
611,闻
612,斗
613,纪
614,脚
615,右
616,苏
617,标
618,饭
619,云
620,病
621,医
622,阿
623,答
624,土
625,况
626,境
627,软
628,考
629,娘
630,村
631,刀
632,击
633,仅
634,查
635,引
636,朝
637,育
638,续
639,独
640,罗
641,买
642,户
643,护
644,喝
645,朋
646,供
647,责
648,项
649,背
650,余
651,希
652,卫
653,列
654,图
655,室
656,乱
657,刘
658,爷
659,龙
660,咱
661,章
662,席
663,错
664,兄
665,暗
666,创
667,排
668,春
669,须
670,承
671,案
672,忙
673,呼
674,树
675,痛
676,沉
677,啊
678,灵
679,职
680,乡
681,细
682,诉
683,态
684,停
685,印
686,笔
687,夏
688,助
689,福
690,块
691,冷
692,球
693,姑
694,划
695,既
696,质
697,巴
698,致
699,湾
700,演
701,木
702,韦
703,怪
704,围
705,静
706,旁
707,园
708,否
709,副
710,辑
711,采
712,食
713,登
714,够
715,赛
716,米
717,假
718,较
719,姐
720,楼
721,获
722,孙
723,宣
724,穿
725,诗
726,歌
727,速
728,忽
729,堂
730,敌
731,试
732,谢
733,央
734,怀
735,顾
736,验
737,营
738,止
739,姓
740,养
741,丽
742,属
743,景
744,郭
745,依
746,威
747,按
748,恶
749,慢
750,座
751,罪
752,维
753,渐
754,胜
755,藏
756,皇
757,街
758,激
759,异
760,摘
761,角
762,瞧
763,负
764,施
765,模
766,草
767,某
768,银
769,露
770,阵
771,值
772,班
773,层
774,修
775,差
776,味
777,织
778,药
779,馆
780,密
781,亮
782,律
783,习
784,田
785,简
786,免
787,毒
788,归
789,波
790,型
791,屋
792,换
793,救
794,寄
795,帝
796,退
797,洋
798,丝
799,湖
800,睡
801,劳
802,妇
803,伯
804,尼
805,皮
806,祖
807,雄
808,婚
809,康
810,评
811,追
812,哈
813,络
814,店
815,翻
816,环
817,礼
818,跑
819,超
820,叶
821,压
822,占
823,均
824,永
825,烈
826,奖
827,婆
828,赶
829,富
830,兰
831,录
832,画
833,遇
834,顿
835,艺
836,普
837,判
838,源
839,亿
840,素
841,船
842,继
843,尚
844,嘴
845,察
846,雨
847,优
848,您
849,险
850,烟
851,阶
852,担
853,散
854,板
855,钟
856,访
857,妹
858,伸
859,佛
860,限
861,讨
862,临
863,吴
864,摇
865,跳
866,曲
867,练
868,构
869,玩
870,玉
871,犯
872,厂
873,肯
874,协
875,幸
876,挥
877,效
878,齐
879,封
880,温
881,疑
882,肉
883,攻
884,纸
885,策
886,充
887,顶
888,寻
889,宁
890,沙
891,防
892,抓
893,例
894,股
895,卖
896,顺
897,警
898,梦
899,剧
900,善
901,蒙
902,票
903,良
904,范
905,坚
906,端
907,靠
908,杂
909,贵
910,怒
911,稿
912,拍
913,率
914,旧
915,掉
916,啦
917,莫
918,授
919,守
920,油
921,恩
922,积
923,益
924,县
925,哭
926,罢
927,庭
928,窗
929,扬
930,忘
931,午
932,卡
933,雪
934,菜
935,牌
936,牛
937,脱
938,博
939,丈
940,弹
941,洲
942,松
943,坏
944,邓
945,鲜
946,短
947,毕
948,置
949,楚
950,欧
951,略
952,智
953,岛
954,抗
955,妻
956,抱
957,载
958,败
959,枪
960,适
961,虚
962,预
963,睛
964,刺
965,爹
966,纷
967,介
968,括
969,销
970,降
971,鱼
972,奔
973,忍
974,宗
975,盘
976,耳
977,野
978,讯
979,配
980,禁
981,索
982,赵
983,默
984,徒
985,架
986,灯
987,峰
988,状
989,款
990,移
991,爸
992,托
993,洪
994,升
995,伙
996,订
997,毫
998,狐
999,镇
1000,床
1001,互
1002,套
1003,旅
1004,逃
1005,骂
1006,输
1007,唱
1008,靖
1009,秘
1010,词
1011,困
1012,泪
1013,熟
1014,财
1015,鬼
1016,骨
1017,申
1018,欲
1019,征
1020,私
1021,舞
1022,秋
1023,巨
1024,迎
1025,秀
1026,搞
1027,丁
1028,吸
1029,审
1030,遍
1031,墙
1032,朱
1033,圣
1034,避
1035,跃
1036,忌
1037,桌
1038,执
1039,悲
1040,域
1041,晓
1042,弄
1043,亡
1044,桥
1045,辈
1046,闪
1047,隐
1048,劲
1049,闹
1050,恐
1051,呀
1052,付
1053,敬
1054,监
1055,厅
1056,库
1057,震
1058,材
1059,冰
1060,醒
1061,庆
1062,绿
1063,腿
1064,述
1065,徐
1066,尊
1067,硬
1068,额
1069,误
1070,借
1071,纳
1072,折
1073,售
1074,遗
1075,暴
1076,缺
1077,迷
1078,鲁
1079,探
1080,货
1081,童
1082,缓
1083,伟
1084,君
1085,庄
1086,凡
1087,危
1088,烧
1089,彩
1090,抢
1091,控
1092,胸
1093,戏
1094,篇
1095,趣
1096,束
1097,谓
1098,概
1099,射
1100,课
1101,洞
1102,麻
1103,杯
1104,透
1105,邮
1106,荣
1107,懂
1108,拥
1109,献
1110,洗
1111,休
1112,迫
1113,叹
1114,狗
1115,偷
1116,阴
1117,汽
1118,拜
1119,横
1120,鼓
1121,健
1122,厚
1123,签
1124,丹
1125,洛
1126,喊
1127,蓉
1128,轮
1129,岸
1130,奶
1131,淡
1132,潮
1133,训
1134,圆
1135,卷
1136,释
1137,诸
1138,妙
1139,唯
1140,夺
1141,逐
1142,燕
1143,呆
1144,测
1145,浪
1146,抽
1147,盖
1148,偏
1149,阅
1150,购
1151,途
1152,纵
1153,耶
1154,摸
1155,挂
1156,航
1157,择
1158,恨
1159,舍
1160,拳
1161,竹
1162,唐
1163,誉
1164,乘
1165,弱
1166,检
1167,宫
1168,仪
1169,旗
1170,含
1171,袁
1172,址
1173,摆
1174,奥
1175,番
1176,混
1177,灭
1178,握
1179,牙
1180,虑
1181,召
1182,猛
1183,宽
1184,盛
1185,核
1186,袋
1187,绍
1188,补
1189,典
1190,圈
1191,丰
1192,雅
1193,吉
1194,赞
1195,茶
1196,亦
1197,谷
1198,稳
1199,汇
1200,厉
1201,届
1202,迹
1203,雷
1204,序
1205,寒
1206,附
1207,鸡
1208,遭
1209,挑
1210,肩
1211,忆
1212,柔
1213,戴
1214,惜
1215,隔
1216,豪
1217,诚
1218,瑞
1219,减
1220,播
1221,麼
1222,针
1223,棋
1224,竞
1225,臂
1226,挺
1227,操
1228,腰
1229,狂
1230,替
1231,梅
1232,固
1233,伦
1234,宋
1235,钢
1236,诺
1237,残
1238,延
1239,虎
1240,迅
1241,灾
1242,悄
1243,岳
1244,乔
1245,川
1246,仇
1247,季
1248,吹
1249,粮
1250,聚
1251,译
1252,珠
1253,叔
1254,谋
1255,础
1256,仁
1257,损
1258,融
1259,辆
1260,净
1261,敏
1262,伊
1263,仙
1264,巧
1265,零
1266,累
1267,享
1268,伴
1269,荡
1270,珍
1271,勇
1272,末
1273,奋
1274,胆
1275,弃
1276,烦
1277,糊
1278,犹
1279,税
1280,培
1281,抵
1282,僧
1283,锋
1284,乃
1285,遥
1286,摩
1287,坦
1288,眉
1289,餐
1290,惯
1291,凭
1292,冠
1293,抬
1294,碰
1295,币
1296,启
1297,码
1298,冒
1299,汗
1300,俗
1301,灰
1302,督
1303,穷
1304,颇
1305,倾
1306,尖
1307,韩
1308,贸
1309,仿
1310,孤
1311,飘
1312,漫
1313,予
1314,紫
1315,侧
1316,沿
1317,拔
1318,袖
1319,梁
1320,赏
1321,幕
1322,壁
1323,旦
1324,晨
1325,纯
1326,闭
1327,凉
1328,扫
1329,尤
1330,炮
1331,碗
1332,贴
1333,插
1334,滚
1335,缘
1336,寺
1337,贝
1338,润
1339,氏
1340,冬
1341,扩
1342,栏
1343,荒
1344,哲
1345,逼
1346,吓
1347,堆
1348,撞
1349,郎
1350,俩
1351,蓝
1352,闲
1353,辛
1354,镜
1355,陪
1356,骑
1357,蛋
1358,促
1359,羊
1360,宜
1361,嘛
1362,颜
1363,贫
1364,幅
1365,驻
1366,萍
1367,污
1368,杰
1369,扑
1370,壮
1371,萨
1372,刑
1373,忧
1374,貌
1375,狱
1376,塞
1377,凤
1378,孔
1379,触
1380,恋
1381,岂
1382,森
1383,繁
1384,碎
1385,津
1386,侠
1387,隆
1388,迟
1389,辉
1390,狠
1391,析
1392,缩
1393,穴
1394,萧
1395,怨
1396,磨
1397,伏
1398,辞
1399,泥
1400,龄
1401,径
1402,鼻
1403,赖
1404,仰
1405,愤
1406,慕
1407,俄
1408,映
1409,询
1410,惨
1411,麦
1412,宿
1413,倍
1414,粗
1415,腾
1416,稍
1417,截
1418,染
1419,乌
1420,愈
1421,岗
1422,柳
1423,铺
1424,涉
1425,疾
1426,挡
1427,奉
1428,踏
1429,忠
1430,伍
1431,躲
1432,籍
1433,努
1434,朗
1435,箱
1436,裁
1437,帐
1438,兼
1439,彼
1440,霞
1441,猪
1442,悉
1443,扎
1444,劝
1445,薄
1446,筑
1447,俊
1448,鞋
1449,距
1450,侵
1451,欣
1452,挤
1453,媒
1454,吐
1455,魂
1456,洁
1457,枝
1458,盈
1459,阻
1460,陷
1461,甲
1462,郑
1463,鸣
1464,倘
1465,剩
1466,颗
1467,拖
1468,舒
1469,惠
1470,昏
1471,振
1472,戒
1473,丧
1474,焦
1475,爬
1476,凌
1477,慧
1478,偶
1479,晃
1480,桃
1481,赤
1482,烂
1483,骗
1484,措
1485,页
1486,凶
1487,泰
1488,尸
1489,坡
1490,勒
1491,疗
1492,塔
1493,尘
1494,躺
1495,殊
1496,慰
1497,坛
1498,甘
1499,咬
1500,拒
1501,彪
1502,炸
1503,井
1504,崇
1505,饮
1506,祝
1507,汪
1508,牢
1509,桂
1510,尾
1511,漂
1512,聊
1513,撒
1514,恰
1515,凝
1516,矛
1517,於
1518,宾
1519,绪
1520,彭
1521,肚
1522,匆
1523,描
1524,粉
1525,贼
1526,乏
1527,盾
1528,愁
1529,斜
1530,裂
1531,滑
1532,斐
1533,废
1534,寂
1535,涌
1536,详
1537,汤
1538,彻
1539,玄
1540,斤
1541,轰
1542,奸
1543,怜
1544,朵
1545,佳
1546,皆
1547,鸟
1548,邦
1549,扶
1550,毁
1551,聪
1552,辩
1553,瓶
1554,饿
1555,蛇
1556,捕
1557,搬
1558,沈
1559,枫
1560,舅
1561,幽
1562,魔
1563,琴
1564,挣
1565,聘
1566,弯
1567,墓
1568,欺
1569,悟
1570,蒋
1571,臣
1572,返
1573,违
1574,亏
1575,丢
1576,援
1577,赫
1578,魏
1579,耐
1580,佩
1581,酸
1582,盟
1583,胖
1584,傻
1585,绕
1586,哼
1587,秦
1588,屈
1589,辱
1590,昨
1591,瘦
1592,暂
1593,箭
1594,署
1595,赴
1596,递
1597,猜
1598,潜
1599,鸿
1600,绩
1601,耀
1602,涂
1603,割
1604,豆
1605,闷
1606,亭
1607,祥
1608,励
1609,宇
1610,泛
1611,狼
1612,悔
1613,搭
1614,舰
1615,浮
1616,牵
1617,符
1618,肃
1619,奴
1620,爆
1621,姊
1622,幼
1623,夹
1624,邀
1625,疯
1626,允
1627,恼
1628,租
1629,椅
1630,尺
1631,侍
1632,腐
1633,颤
1634,扭
1635,菲
1636,瓦
1637,擦
1638,辣
1639,奏
1640,殷
1641,埋
1642,摔
1643,盼
1644,吟
1645,渡
1646,衫
1647,跨
1648,醉
1649,艰
1650,掩
1651,荷
1652,苍
1653,旋
1654,揭
1655,桑
1656,仗
1657,莲
1658,钻
1659,宏
1660,幻
1661,刃
1662,峡
1663,辽
1664,娃
1665,凯
1666,患
1667,障
1668,丐
1669,衡
1670,猫
1671,丑
1672,涛
1673,暖
1674,溜
1675,锅
1676,奈
1677,罚
1678,拾
1679,浓
1680,键
1681,脉
1682,锁
1683,邻
1684,臭
1685,芳
1686,垂
1687,捉
1688,恢
1689,姆
1690,砍
1691,驾
1692,恭
1693,挨
1694,祸
1695,曹
1696,慈
1697,抖
1698,泉
1699,览
1700,澳
1701,脏
1702,疼
1703,铜
1704,羞
1705,档
1706,抛
1707,苗
1708,惑
1709,肥
1710,驱
1711,窝
1712,裤
1713,估
1714,胞
1715,柄
1716,阔
1717,杜
1718,勤
1719,舟
1720,帽
1721,玛
1722,撤
1723,频
1724,禅
1725,柯
1726,莱
1727,堪
1728,寸
1729,哀
1730,熊
1731,腹
1732,尝
1733,敲
1734,勃
1735,巡
1736,盗
1737,筹
1738,扣
1739,池
1740,浅
1741,柴
1742,埃
1743,嫁
1744,枚
1745,稀
1746,雕
1747,厌
1748,瓜
1749,寿
1750,跌
1751,扯
1752,董
1753,锦
1754,鉴
1755,刷
1756,趋
1757,捐
1758,傲
1759,贯
1760,殿
1761,拨
1762,逊
1763,踢
1764,赔
1765,姿
1766,迁
1767,黎
1768,祭
1769,滴
1770,袭
1771,慌
1772,鞭
1773,茫
1774,逢
1775,屠
1776,昆
1777,柏
1778,驶
1779,咐
1780,植
1781,惧
1782,纽
1783,捷
1784,圳
1785,牲
1786,踪
1787,丛
1788,漠
1789,锐
1790,喇
1791,乾
1792,霍
1793,湿
1794,睁
1795,仔
1796,吵
1797,悠
1798,沟
1799,墨
1800,串
1801,俱
1802,陶
1803,贡
1804,浑
1805,赢
1806,屁
1807,驰
1808,棒
1809,匹
1810,拼
1811,恒
1812,邪
1813,脆
1814,糟
1815,扮
1816,贤
1817,饰
1818,偿
1819,拆
1820,缠
1821,摄
1822,拟
1823,滋
1824,嘿
1825,旨
1826,闯
1827,贺
1828,翠
1829,缝
1830,饱
1831,劫
1832,抚
1833,挖
1834,册
1835,叛
1836,肖
1837,熙
1838,炼
1839,宪
1840,庙
1841,碧
1842,盒
1843,谊
1844,储
1845,冯
1846,唤
1847,贪
1848,卧
1849,翼
1850,扰
1851,胁
1852,跪
1853,碑
1854,呵
1855,甜
1856,洒
1857,谱
1858,莎
1859,娜
1860,阁
1861,庸
1862,鹏
1863,覆
1864,玲
1865,侯
1866,抹
1867,卢
1868,碍
1869,综
1870,丘
1871,晕
1872,拦
1873,燃
1874,昌
1875,吞
1876,嫌
1877,狄
1878,押
1879,舌
1880,琳
1881,雾
1882,曼
1883,耻
1884,柜
1885,摊
1886,削
1887,戚
1888,杆
1889,岩
1890,喂
1891,扔
1892,逝
1893,诞
1894,悬
1895,爽
1896,崔
1897,廷
1898,凑
1899,痴
1900,盆
1901,御
1902,酷
1903,艾
1904,唉
1905,姥
1906,笼
1907,颠
1908,姻
1909,携
1910,愧
1911,芬
1912,穆
1913,扇
1914,郁
1915,掷
1916,怔
1917,芯
1918,鼠
1919,纠
1920,疆
1921,曰
1922,傅
1923,袍
1924,唇
1925,稣
1926,捧
1927,勾
1928,牧
1929,儒
1930,慨
1931,筋
1932,柱
1933,卑
1934,咽
1935,吨
1936,虫
1937,绳
1938,厨
1939,冤
1940,涨
1941,皱
1942,疲
1943,赌
1944,饶
1945,矿
1946,畅
1947,煤
1948,腕
1949,喷
1950,遣
1951,浩
1952,翁
1953,咨
1954,镖
1955,屏
1956,仲
1957,嘻
1958,吩
1959,棉
1960,孟
1961,撑
1962,炉
1963,泄
1964,葬
1965,搜
1966,添
1967,遵
1968,迪
1969,伪
1970,兆
1971,欠
1972,谅
1973,炎
1974,氛
1975,杖
1976,瞎
1977,钓
1978,肠
1979,披
1980,剥
1981,誓
1982,赚
1983,役
1984,泡
1985,逆
1986,矮
1987,吊
1988,填
1989,嘉
1990,烛
1991,厦
1992,夕
1993,衰
1994,液
1995,薛
1996,仆
1997,迈
1998,齿
1999,谨
2000,呈
2001,昂
2002,抄
2003,弥
2004,渴
2005,梯
2006,疏
2007,耗
2008,瞪
2009,斥
2010,夸
2011,蒂
2012,剪
2013,娶
2014,痕
2015,弗
2016,姚
2017,债
2018,妥
2019,璃
2020,掏
2021,刹
2022,晶
2023,衷
2024,肤
2025,鹿
2026,拓
2027,卓
2028,症
2029,糖
2030,钦
2031,绵
2032,哩
2033,诱
2034,枯
2035,歇
2036,塑
2037,妨
2038,豫
2039,抑
2040,珊
2041,棍
2042,晋
2043,淋
2044,悦
2045,敦
2046,艳
2047,玻
2048,砸
2049,嚷
2050,盲
2051,辨
2052,葛
2053,罕
2054,矩
2055,泳
2056,宅
2057,贷
2058,膀
2059,捏
2060,颈
2061,践
2062,脖
2063,贾
2064,轿
2065,脾
2066,堡
2067,娇
2068,浙
2069,劣
2070,潇
2071,赐
2072,陀
2073,蓄
2074,坟
2075,颂
2076,漏
2077,杭
2078,茅
2079,砖
2080,瞬
2081,鹤
2082,辟
2083,渔
2084,乖
2085,霸
2086,襄
2087,炒
2088,哑
2089,浦
2090,饼
2091,牺
2092,滩
2093,钉
2094,吁
2095,锡
2096,赠
2097,哄
2098,铃
2099,顽
2100,殖
2101,鹰
2102,蔡
2103,催
2104,芙
2105,彬
2106,拚
2107,轨
2108,哟
2109,歉
2110,盯
2111,硕
2112,惹
2113,契
2114,愚
2115,帅
2116,惶
2117,憾
2118,懒
2119,姨
2120,喘
2121,兽
2122,陌
2123,罩
2124,猎
2125,嵩
2126,盐
2127,饥
2128,凄
2129,喉
2130,宴
2131,腔
2132,翰
2133,膝
2134,陵
2135,蜂
2136,逻
2137,劈
2138,廉
2139,裹
2140,骄
2141,贩
2142,绘
2143,崖
2144,辰
2145,涯
2146,戈
2147,坑
2148,遮
2149,擒
2150,蛮
2151,芷
2152,堵
2153,雇
2154,挽
2155,眠
2156,吻
2157,孝
2158,泊
2159,撕
2160,虹
2161,叙
2162,粹
2163,勉
2164,竭
2165,歪
2166,慎
2167,棵
2168,朴
2169,械
2170,溪
2171,莉
2172,斑
2173,磕
2174,寡
2175,循
2176,斩
2177,掠
2178,吕
2179,昔
2180,郊
2181,爵
2182,徽
2183,磁
2184,俯
2185,谭
2186,鼎
2187,拂
2188,俺
2189,嫂
2190,帕
2191,嗯
2192,冻
2193,婉
2194,桐
2195,骆
2196,泼
2197,匠
2198,艇
2199,谦
2200,妓
2201,菩
2202,厕
2203,俘
2204,毅
2205,岭
2206,丫
2207,畏
2208,湘
2209,桶
2210,嗓
2211,煌
2212,鲍
2213,粒
2214,巷
2215,帘
2216,秃
2217,腊
2218,仓
2219,拐
2220,绑
2221,啥
2222,荐
2223,倪
2224,瑟
2225,廊
2226,鸭
2227,蜜
2228,诊
2229,棚
2230,掀
2231,筒
2232,媳
2233,纹
2234,秒
2235,沾
2236,庞
2237,蹲
2238,骚
2239,歧
2240,艘
2241,芝
2242,哗
2243,亩
2244,券
2245,趟
2246,巾
2247,淫
2248,谎
2249,寞
2250,灌
2251,篮
2252,妄
2253,搁
2254,侄
2255,厢
2256,叉
2257,俞
2258,伐
2259,宰
2260,瞒
2261,宙
2262,肿
2263,漆
2264,怖
2265,吾
2266,吼
2267,侨
2268,叠
2269,啸
2270,罐
2271,肆
2272,裙
2273,泣
2274,胀
2275,赋
2276,熬
2277,趁
2278,咳
2279,愉
2280,恳
2281,辜
2282,肌
2283,婴
2284,羽
2285,躬
2286,毙
2287,拘
2288,叮
2289,哇
2290,晴
2291,谜
2292,淮
2293,旺
2294,逸
2295,琼
2296,姜
2297,呜
2298,窜
2299,颁
2300,薪
2301,寨
2302,尿
2303,颊
2304,逮
2305,卜
2306,昭
2307,浸
2308,刮
2309,宛
2310,嘱
2311,囊
2312,寓
2313,驳
2314,倡
2315,浴
2316,咕
2317,挪
2318,搏
2319,蓬
2320,晌
2321,渠
2322,兜
2323,喃
2324,夷
2325,沪
2326,贱
2327,魄
2328,舵
2329,晰
2330,僵
2331,糕
2332,裔
2333,秩
2334,倚
2335,塌
2336,恍
2337,钩
2338,嘲
2339,傍
2340,裕
2341,煮
2342,乳
2343,勿
2344,竖
2345,惩
2346,睹
2347,株
2348,绣
2349,妖
2350,讶
2351,咖
2352,纲
2353,胎
2354,滨
2355,耕
2356,嗤
2357,舱
2358,娱
2359,匪
2360,鸦
2361,胃
2362,躁
2363,狮
2364,砰
2365,妮
2366,凛
2367,龟
2368,裸
2369,嫣
2370,甫
2371,窑
2372,塘
2373,纤
2374,宠
2375,链
2376,拱
2377,尹
2378,掘
2379,坝
2380,狭
2381,铭
2382,淳
2383,沐
2384,馨
2385,潘
2386,甩
2387,榜
2388,渊
2389,羡
2390,侮
2391,卿
2392,兀
2393,喧
2394,履
2395,猴
2396,枉
2397,衬
2398,畔
2399,凳
2400,缅
2401,弦
2402,畜
2403,粞
2404,溢
2405,搂
2406,乞
2407,旬
2408,缚
2409,灿
2410,舆
2411,雁
2412,倦
2413,酬
2414,韵
2415,媚
2416,堤
2417,攀
2418,窃
2419,嫩
2420,遂
2421,澄
2422,侦
2423,陕
2424,陋
2425,笨
2426,匙
2427,沫
2428,耸
2429,踩
2430,酱
2431,壶
2432,啡
2433,碌
2434,痒
2435,鄙
2436,壳
2437,贞
2438,霉
2439,蠢
2440,芦
2441,胳
2442,矣
2443,焰
2444,脊
2445,囚
2446,辅
2447,账
2448,佐
2449,僚
2450,雀
2451,撰
2452,耍
2453,枕
2454,捡
2455,涵
2456,逗
2457,粪
2458,朦
2459,肝
2460,蒸
2461,滥
2462,筷
2463,溃
2464,隶
2465,烤
2466,缸
2467,弓
2468,潭
2469,旷
2470,哎
2471,峻
2472,爪
2473,怯
2474,茂
2475,芒
2476,肢
2477,稻
2478,兔
2479,圾
2480,喻
2481,框
2482,缴
2483,蹈
2484,哨
2485,颖
2486,菊
2487,喀
2488,妆
2489,淹
2490,瓷
2491,淀
2492,蜡
2493,嚼
2494,剂
2495,逛
2496,骤
2497,暑
2498,襟
2499,庐
2500,苹
2501,晒
2502,悼
2503,昧
2504,拢
2505,函
2506,胧
2507,胶
2508,抒
2509,乒
2510,讽
2511,歹
2512,旱
2513,葡
2514,惟
2515,拣
2516,耿
2517,廿
2518,桩
2519,乙
2520,谣
2521,坠
2522,滞
2523,孕
2524,诵
2525,梳
2526,冈
2527,肺
2528,丸
2529,霜
2530,汁
2531,纱
2532,衔
2533,腻
2534,甸
2535,啤
2536,坎
2537,稼
2538,禾
2539,愣
2540,脂
2541,萄
2542,捞
2543,搅
2544,屑
2545,伞
2546,蝶
2547,铸
2548,躯
2549,稚
2550,腥
2551,藤
2552,陡
2553,烫
2554,梨
2555,哦
2556,浆
2557,僻
2558,坊
2559,焉
2560,隙
2561,淘
2562,垮
2563,滔
2564,酿
2565,鹅
2566,兹
2567,捣
2568,栋
2569,瑰
2570,敞
2571,癌
2572,缆
2573,烁
2574,玫
2575,诈
2576,煞
2577,膜
2578,焚
2579,粘
2580,摧
2581,疫
2582,幢
2583,汝
2584,毯
2585,挫
2586,纺
2587,朽
2588,锤
2589,兑
2590,辫
2591,堕
2592,笛
2593,觅
2594,蔽
2595,谐
2596,氓
2597,蔑
2598,沸
2599,藉
2600,卸
2601,熄
2602,扁
2603,炭
2604,慷
2605,篷
2606,眨
2607,譬
2608,叨
2609,蔬
2610,绸
2611,婿
2612,寥
2613,浇
2614,乓
2615,膏
2616,膛
2617,琢
2618,啪
2619,淑
2620,叭
2621,弊
2622,灶
2623,醋
2624,斌
2625,奠
2626,屯
2627,膨
2628,沦
2629,缕
2630,壤
2631,冶
2632,暇
2633,揉
2634,萝
2635,翔
2636,蛛
2637,栗
2638,荫
2639,讥
2640,葱
2641,巩
2642,粥
2643,斋
2644,迄
2645,帜
2646,菌
2647,铅
2648,贿
2649,绒
2650,侣
2651,锻
2652,谴
2653,汹
2654,敷
2655,宵
2656,讳
2657,锣
2658,撼
2659,亨
2660,淌
2661,扛
2662,杉
2663,燥
2664,匀
2665,渺
2666,碟
2667,嵌
2668,沃
2669,剖
2670,姬
2671,绰
2672,嗦
2673,绞
2674,轴
2675,垒
2676,噪
2677,蕴
2678,邵
2679,咋
2680,坪
2681,佣
2682,卵
2683,昼
2684,憋
2685,奎
2686,捂
2687,煎
2688,瞅
2689,蚀
2690,熔
2691,虾
2692,谬
2693,绅
2694,镶
2695,聋
2696,募
2697,垄
2698,彦
2699,翘
2700,趴
2701,杏
2702,彰
2703,阐
2704,讼
2705,枢
2706,崭
2707,蒲
2708,泻
2709,俭
2710,橡
2711,溶
2712,瀑
2713,扒
2714,琛
